
insert into clientes(nombre, apellido, dni, email, telefono ) values("John", "Doe", 10254789147, "john.doe@email.co", 3084560215);
insert into clientes(nombre, apellido, dni, email, telefono ) values("Jane", "Foster", 1001005447, "jane.foster@email.co", 3084781457);
insert into clientes(nombre, apellido, dni, email, telefono ) values("Bruce", "Banner", 1024789547, "bruce.banner@email.co", 3084789658);
insert into clientes(nombre, apellido, dni, email, telefono ) values("Capitan", "America", 10254789457, "john.doe@email.co", 3088571233);
insert into clientes(nombre, apellido, dni, email, telefono ) values("Iron", "Man", 10004458795, "iron.man@email.co", 3086331089);
insert into clientes(nombre, apellido, dni, email, telefono ) values( "Bucky", "Barnes", 10007885796, "bucky.barnes@email.co", 3081147866);
insert into clientes(nombre, apellido, dni, email, telefono ) values("Betty", "Ross", 10047895478, "betty.ross@email.co", 3084789654);
insert into clientes(nombre, apellido, dni, email, telefono ) values("Happy", "Hogan", 10774589783, "happy.hogan@email.co", 3084576214);
insert into clientes(nombre, apellido, dni, email, telefono ) values("Doctor", "Doom", 10004879853, "doctor.doom@email.co", 3087985896);
insert into clientes(nombre, apellido, dni, email, telefono ) values("Pepper", "Pots", 1478954258, "pepper.pots@email.co", 3083320004);

insert into productos( nombre, precio) values( "Moto husqvarna vitpilen 401", 29990000);
insert into productos( nombre, precio) values( "Moto husqvarna vitpilen 701", 46990000);
insert into productos( nombre, precio) values( "Moto husqvarna svartpilen 401", 19990000);
insert into productos( nombre, precio) values( "Moto husqvarna svartpilen 701", 39990000);
insert into productos( nombre, precio) values( "Moto benelli leoncino 250", 15000000);
insert into productos( nombre, precio) values( "Moto hrsqvarna leoncino 500", 29990000);
insert into productos( nombre, precio) values( "Moto hrsqvarna Kawasaki 400", 25490000);
insert into productos( nombre, precio) values( "Moto hrsqvarna Kawasaki Z400", 23459000);
insert into productos( nombre, precio) values( "Moto hrsqvarna Honda CB 500F Model 2018", 26990000);
insert into productos( nombre, precio) values( "Moto hrsqvarna  Honda CB 650R Model 2019", 39990000);

insert into ventas ( id_cliente, create_at) values (1, "2019-02-15");
insert into ventas ( id_cliente, create_at) values (2, "2019-02-15");
insert into ventas ( id_cliente, create_at) values (3, "2019-02-15");
insert into ventas ( id_cliente, create_at) values (4, "2019-02-15");
insert into ventas ( id_cliente, create_at) values (5, "2019-02-15");
insert into ventas ( id_cliente, create_at) values (6, "2019-02-15");
insert into ventas ( id_cliente, create_at) values (7, "2019-02-15");
insert into ventas ( id_cliente, create_at) values (8, "2019-02-15");
insert into ventas ( id_cliente, create_at) values (9, "2019-02-15");
insert into ventas ( id_cliente, create_at) values (10, "2019-02-15");

insert into detalle_ventas ( id_venta, id_detalle_venta) values (1, 1);
insert into detalle_ventas ( id_venta, id_detalle_venta) values (2, 2);
insert into detalle_ventas ( id_venta, id_detalle_venta) values (3, 3);
insert into detalle_ventas ( id_venta, id_detalle_venta) values (4, 4);
insert into detalle_ventas ( id_venta, id_detalle_venta) values (5, 5);
insert into detalle_ventas ( id_venta, id_detalle_venta) values (6, 6);
insert into detalle_ventas ( id_venta, id_detalle_venta) values (7, 7);
insert into detalle_ventas ( id_venta, id_detalle_venta) values (8, 8);
insert into detalle_ventas ( id_venta, id_detalle_venta) values (9, 9);
insert into detalle_ventas ( id_venta, id_detalle_venta) values (10, 10);